model,fold,rule,fit_seconds,rows,threshold,tn,fp,fn,tp,accuracy,balanced_accuracy,precision,recall,f1,average_precision,roc_auc,brier_score,cost,cost_per_row,false_positive_cost,false_negative_cost,inspection_rate
always_negative,0,frozen_threshold,0.0012164199999915581,16000,0.5,15733,0,267,0,0.9833125,0.5,0.0,0.0,0.0,0.0166875,0.5,0.0166875,133500,8.34375,10,500,0.0
always_negative,0,threshold_0.5,0.0012164199999915581,16000,0.5,15733,0,267,0,0.9833125,0.5,0.0,0.0,0.0,0.0166875,0.5,0.0166875,133500,8.34375,10,500,0.0
class_prior,0,frozen_threshold,0.0007710130000759818,16000,0.016614583333333335,15733,0,267,0,0.9833125,0.5,0.0,0.0,0.0,0.0166875,0.5,0.016409032660590277,133500,8.34375,10,500,0.0
class_prior,0,threshold_0.5,0.0007710130000759818,16000,0.5,15733,0,267,0,0.9833125,0.5,0.0,0.0,0.0,0.0166875,0.5,0.016409032660590277,133500,8.34375,10,500,0.0
logistic,0,frozen_threshold,11.959561131999862,16000,0.01288730451922366,14999,734,22,245,0.95275,0.9354747327297688,0.25025536261491316,0.9176029962546817,0.39325842696629215,0.7233227270778412,0.9504551729457228,0.007868014171213165,18340,1.14625,10,500,0.0611875
logistic,0,threshold_0.5,11.959561131999862,16000,0.5,15677,56,96,171,0.9905,0.818445020378693,0.7533039647577092,0.6404494382022472,0.6923076923076923,0.7233227270778412,0.9504551729457228,0.007868014171213165,48560,3.035,10,500,0.0141875
logistic_balanced,0,frozen_threshold,39.76412612100012,16000,0.3205364295937356,15149,584,38,229,0.961125,0.910279236062657,0.2816728167281673,0.8576779026217228,0.42407407407407405,0.690534977649285,0.9226995144393413,0.023476807366733653,24840,1.5525,10,500,0.0508125
logistic_balanced,0,threshold_0.5,39.76412612100012,16000,0.5,15330,403,44,223,0.9720625,0.9047955215200474,0.3562300319488818,0.8352059925093633,0.49944008958566627,0.690534977649285,0.9226995144393413,0.023476807366733653,26030,1.626875,10,500,0.039125
logistic_no_indicator,0,frozen_threshold,5.333465867999848,16000,0.007073131428792715,14875,858,27,240,0.9446875,0.9221706753928085,0.2185792349726776,0.898876404494382,0.3516483516483517,0.7205736170132289,0.9427683789720359,0.007944371741458347,22080,1.38,10,500,0.068625
logistic_no_indicator,0,threshold_0.5,5.333465867999848,16000,0.5,15674,59,95,172,0.990375,0.8202223385517357,0.7445887445887446,0.6441947565543071,0.6907630522088354,0.7205736170132289,0.9427683789720359,0.007944371741458347,48090,3.005625,10,500,0.0144375
logistic_log_robust,0,frozen_threshold,3.09038785000007,16000,0.05496470423298482,15414,319,25,242,0.9785,0.9430455939482625,0.43137254901960786,0.9063670411985019,0.5845410628019324,0.8063696142962224,0.9842276700301448,0.0061739327697559075,15690,0.980625,10,500,0.0350625
logistic_log_robust,0,threshold_0.5,3.09038785000007,16000,0.5,15694,39,93,174,0.99175,0.8246032635903779,0.8169014084507042,0.651685393258427,0.725,0.8063696142962224,0.9842276700301448,0.0061739327697559075,46890,2.930625,10,500,0.0133125
random_forest,0,frozen_threshold,4.722625676999996,16000,0.06385738284279041,14905,828,9,258,0.9476875,0.9568319505912213,0.23756906077348067,0.9662921348314607,0.38137472283813745,0.6855876561584692,0.9732164388361875,0.01043572632996587,12780,0.79875,10,500,0.067875
random_forest,0,threshold_0.5,4.722625676999996,16000,0.5,15578,155,76,191,0.9855625,0.8527519508007098,0.5520231213872833,0.7153558052434457,0.6231647634584013,0.6855876561584692,0.9732164388361875,0.01043572632996587,39550,2.471875,10,500,0.021625
hist_gradient_boosting,0,frozen_threshold,2.1982727459999296,16000,0.002572193637949327,15169,564,16,251,0.96375,0.9521133446218986,0.3079754601226994,0.9400749063670412,0.46395563770794823,0.8195462796951646,0.9843752640921977,0.0060994005822802445,13640,0.8525,10,500,0.0509375
hist_gradient_boosting,0,threshold_0.5,2.1982727459999296,16000,0.5,15696,37,82,185,0.9925625,0.8452660751953658,0.8333333333333334,0.6928838951310862,0.7566462167689162,0.8195462796951646,0.9843752640921977,0.0060994005822802445,41370,2.585625,10,500,0.013875
hgb_sigmoid,0,frozen_threshold,2.255926117999934,16000,0.017866968231982944,15169,564,16,251,0.96375,0.9521133446218986,0.3079754601226994,0.9400749063670412,0.46395563770794823,0.8195462796951646,0.9843752640921977,0.005940333964028731,13640,0.8525,10,500,0.0509375
hgb_sigmoid,0,threshold_0.5,2.255926117999934,16000,0.5,15691,42,78,189,0.9925,0.85259781022784,0.8181818181818182,0.7078651685393258,0.7590361445783133,0.8195462796951646,0.9843752640921977,0.005940333964028731,39420,2.46375,10,500,0.0144375
xgboost,0,frozen_threshold,1.8332122760000402,16000,0.0034480758477002382,14990,743,14,253,0.9526875,0.9501699831290464,0.2540160642570281,0.947565543071161,0.4006334125098971,0.8305252307464948,0.9829064651198333,0.005956443315269554,14430,0.901875,10,500,0.06225
xgboost,0,threshold_0.5,1.8332122760000402,16000,0.5,15689,44,84,183,0.992,0.841298294503002,0.8061674008810573,0.6853932584269663,0.7408906882591093,0.8305252307464948,0.9829064651198333,0.005956443315269554,42440,2.6525,10,500,0.0141875
always_negative,1,frozen_threshold,0.0009033660001023236,16000,0.5,15733,0,267,0,0.9833125,0.5,0.0,0.0,0.0,0.0166875,0.5,0.0166875,133500,8.34375,10,500,0.0
always_negative,1,threshold_0.5,0.0009033660001023236,16000,0.5,15733,0,267,0,0.9833125,0.5,0.0,0.0,0.0,0.0166875,0.5,0.0166875,133500,8.34375,10,500,0.0
class_prior,1,frozen_threshold,0.0006325720000859292,16000,0.016614583333333335,15733,0,267,0,0.9833125,0.5,0.0,0.0,0.0,0.0166875,0.5,0.016409032660590277,133500,8.34375,10,500,0.0
class_prior,1,threshold_0.5,0.0006325720000859292,16000,0.5,15733,0,267,0,0.9833125,0.5,0.0,0.0,0.0,0.0166875,0.5,0.016409032660590277,133500,8.34375,10,500,0.0
logistic,1,frozen_threshold,11.106771281999954,16000,0.02663104818581891,15357,376,36,231,0.97425,0.9206348639551734,0.3805601317957166,0.8651685393258427,0.528604118993135,0.7129716300782003,0.9394735795916453,0.007904644624593147,21760,1.36,10,500,0.0379375
logistic,1,threshold_0.5,11.106771281999954,16000,0.5,15680,53,95,172,0.99075,0.8204130205577104,0.7644444444444445,0.6441947565543071,0.6991869918699187,0.7129716300782003,0.9394735795916453,0.007904644624593147,48030,3.001875,10,500,0.0140625
logistic_balanced,1,frozen_threshold,28.266782706999948,16000,0.2459093603562509,15234,499,47,220,0.965875,0.8961266318963623,0.30598052851182195,0.8239700374531835,0.4462474645030426,0.6721713451926852,0.9119897798253677,0.017011914726490177,28490,1.780625,10,500,0.0449375
logistic_balanced,1,threshold_0.5,28.266782706999948,16000,0.5,15474,259,56,211,0.9803125,0.8868999795510808,0.44893617021276594,0.7902621722846442,0.5725915875169606,0.6721713451926852,0.9119897798253677,0.017011914726490177,30590,1.911875,10,500,0.029375
logistic_no_indicator,1,frozen_threshold,4.617745323000008,16000,0.014827423956634386,15327,406,38,229,0.97225,0.9159361355732398,0.3606299212598425,0.8576779026217228,0.5077605321507761,0.6990462700611558,0.9355839999466758,0.008474220689402361,23060,1.44125,10,500,0.0396875
logistic_no_indicator,1,threshold_0.5,4.617745323000008,16000,0.5,15674,59,97,170,0.99025,0.8164770201996757,0.74235807860262,0.6367041198501873,0.6854838709677419,0.6990462700611558,0.9355839999466758,0.008474220689402361,49090,3.068125,10,500,0.0143125
logistic_log_robust,1,frozen_threshold,2.1435516010001265,16000,0.018730640147635248,15136,597,19,248,0.9615,0.9454466160609478,0.293491124260355,0.9288389513108615,0.4460431654676259,0.7939886537227053,0.9827726782442306,0.006622247887455603,15470,0.966875,10,500,0.0528125
logistic_log_robust,1,threshold_0.5,2.1435516010001265,16000,0.5,15690,43,97,170,0.99125,0.8169855055489417,0.7981220657276995,0.6367041198501873,0.7083333333333334,0.7939886537227053,0.9827726782442306,0.006622247887455603,48930,3.058125,10,500,0.0133125
random_forest,1,frozen_threshold,5.08163070899991,16000,0.11277834434230424,15095,638,19,248,0.9589375,0.9441436223534541,0.2799097065462754,0.9288389513108615,0.43018213356461404,0.7232912104700585,0.9811859230496933,0.010438653405278912,15880,0.9925,10,500,0.055375
random_forest,1,threshold_0.5,5.08163070899991,16000,0.5,15553,180,55,212,0.9853125,0.891283285139111,0.5408163265306123,0.7940074906367042,0.6433990895295902,0.7232912104700585,0.9811859230496933,0.010438653405278912,29300,1.83125,10,500,0.0245
hist_gradient_boosting,1,frozen_threshold,2.202800256000046,16000,0.0007681799839595017,14863,870,12,255,0.944875,0.9498791990213085,0.22666666666666666,0.9550561797752809,0.36637931034482757,0.8434879797374726,0.9869825608093488,0.0057697662823723,14700,0.91875,10,500,0.0703125
hist_gradient_boosting,1,threshold_0.5,2.202800256000046,16000,0.5,15705,28,91,176,0.9925625,0.828698165620058,0.8627450980392157,0.6591760299625468,0.7473460721868365,0.8434879797374726,0.9869825608093488,0.0057697662823723,45780,2.86125,10,500,0.01275
hgb_sigmoid,1,frozen_threshold,2.2591545380000753,16000,0.008023306794505901,14863,870,12,255,0.944875,0.9498791990213085,0.22666666666666666,0.9550561797752809,0.36637931034482757,0.8434879797374726,0.9869825608093488,0.005555987807675611,14700,0.91875,10,500,0.0703125
hgb_sigmoid,1,threshold_0.5,2.2591545380000753,16000,0.5,15703,30,87,180,0.9926875,0.8361252416555197,0.8571428571428571,0.6741573033707865,0.7547169811320755,0.8434879797374726,0.9869825608093488,0.005555987807675611,43800,2.7375,10,500,0.013125
xgboost,1,frozen_threshold,1.8629879009999968,16000,0.006788967177271843,15180,553,16,251,0.9644375,0.9524629282995187,0.31218905472636815,0.9400749063670412,0.46872082166199813,0.8473439877342968,0.9872881043232918,0.005535080712990198,13530,0.845625,10,500,0.05025
xgboost,1,threshold_0.5,1.8629879009999968,16000,0.5,15716,17,95,172,0.993,0.8215571125935586,0.91005291005291,0.6441947565543071,0.7543859649122807,0.8473439877342968,0.9872881043232918,0.005535080712990198,47670,2.979375,10,500,0.0118125
always_negative,2,frozen_threshold,0.0009667750000517117,16000,0.5,15734,0,266,0,0.983375,0.5,0.0,0.0,0.0,0.016625,0.5,0.016625,133000,8.3125,10,500,0.0
always_negative,2,threshold_0.5,0.0009667750000517117,16000,0.5,15734,0,266,0,0.983375,0.5,0.0,0.0,0.0,0.016625,0.5,0.016625,133000,8.3125,10,500,0.0
class_prior,2,frozen_threshold,0.0007543269998677715,16000,0.016718750000000004,15734,0,266,0,0.983375,0.5,0.0,0.0,0.0,0.016625,0.5,0.0163486181640625,133000,8.3125,10,500,0.0
class_prior,2,threshold_0.5,0.0007543269998677715,16000,0.5,15734,0,266,0,0.983375,0.5,0.0,0.0,0.0,0.016625,0.5,0.0163486181640625,133000,8.3125,10,500,0.0
logistic,2,frozen_threshold,12.467151816000069,16000,0.01344191676267981,14970,764,27,239,0.9505625,0.924969488039407,0.2382851445663011,0.8984962406015038,0.37667454688731283,0.7127932217542771,0.9551101441158508,0.007286306697505596,21140,1.32125,10,500,0.0626875
logistic,2,threshold_0.5,12.467151816000069,16000,0.5,15690,44,96,170,0.99125,0.8181506263434104,0.794392523364486,0.6390977443609023,0.7083333333333334,0.7127932217542771,0.9551101441158508,0.007286306697505596,48440,3.0275,10,500,0.013375
logistic_balanced,2,frozen_threshold,42.102876413000104,16000,0.439222699577796,15367,367,37,229,0.97475,0.9187884864060494,0.38422818791946306,0.8609022556390977,0.531322505800464,0.7045740035671738,0.9350313864615778,0.0195442064491725,22170,1.385625,10,500,0.03725
logistic_balanced,2,threshold_0.5,42.102876413000104,16000,0.5,15401,333,38,228,0.9768125,0.9179892498501879,0.40641711229946526,0.8571428571428571,0.5513905683192262,0.7045740035671738,0.9350313864615778,0.0195442064491725,22330,1.395625,10,500,0.0350625
logistic_no_indicator,2,frozen_threshold,7.001616800999955,16000,0.007759254782673981,14885,849,25,241,0.945375,0.9260277298050006,0.22110091743119267,0.9060150375939849,0.3554572271386431,0.6988322327237395,0.949831957228778,0.007740583105306815,20990,1.311875,10,500,0.068125
logistic_no_indicator,2,threshold_0.5,7.001616800999955,16000,0.5,15682,52,96,170,0.99075,0.8178963998275848,0.7657657657657657,0.6390977443609023,0.6967213114754098,0.6988322327237395,0.949831957228778,0.007740583105306815,48520,3.0325,10,500,0.013875
logistic_log_robust,2,frozen_threshold,3.7825036700000965,16000,0.008463642004820934,14807,927,10,256,0.9414375,0.9517445099975055,0.21639898562975485,0.9624060150375939,0.3533471359558316,0.8172734500951663,0.9894725373239888,0.006228406842675264,14270,0.891875,10,500,0.0739375
logistic_log_robust,2,threshold_0.5,3.7825036700000965,16000,0.5,15692,42,95,171,0.9914375,0.8200938822204871,0.8028169014084507,0.6428571428571429,0.7139874739039666,0.8172734500951663,0.9894725373239888,0.006228406842675264,47920,2.995,10,500,0.0133125
random_forest,2,frozen_threshold,5.299857057000054,16000,0.057053428717148,14935,799,6,260,0.9496875,0.9633309312431964,0.24551463644948066,0.9774436090225563,0.39245283018867927,0.6692743043330975,0.9854141120565492,0.010216820481606598,10990,0.686875,10,500,0.0661875
random_forest,2,threshold_0.5,5.299857057000054,16000,0.5,15558,176,72,194,0.9845,0.8590686707871751,0.5243243243243243,0.7293233082706767,0.610062893081761,0.6692743043330975,0.9854141120565492,0.010216820481606598,37760,2.36,10,500,0.023125
hist_gradient_boosting,2,frozen_threshold,3.7707297530000687,16000,0.004857442716839288,15318,416,17,249,0.9729375,0.9548253339590236,0.3744360902255639,0.9360902255639098,0.5349087003222341,0.8467541165104091,0.9881607858466555,0.005781670963462458,12660,0.79125,10,500,0.0415625
hist_gradient_boosting,2,threshold_0.5,3.7707297530000687,16000,0.5,15697,37,81,185,0.992625,0.8465685632665623,0.8333333333333334,0.6954887218045113,0.7581967213114754,0.8467541165104091,0.9881607858466555,0.005781670963462458,40870,2.554375,10,500,0.013875
hgb_sigmoid,2,frozen_threshold,3.8542451379998965,16000,0.02819427210241487,15318,416,17,249,0.9729375,0.9548253339590236,0.3744360902255639,0.9360902255639098,0.5349087003222341,0.8467541165104091,0.9881607858466555,0.005529706304012331,12660,0.79125,10,500,0.0415625
hgb_sigmoid,2,threshold_0.5,3.8542451379998965,16000,0.5,15696,38,78,188,0.99275,0.852175882696445,0.831858407079646,0.706766917293233,0.7642276422764228,0.8467541165104091,0.9881607858466555,0.005529706304012331,39380,2.46125,10,500,0.014125
xgboost,2,frozen_threshold,3.093430933000036,16000,0.004187340848147869,15056,678,8,258,0.957125,0.9634167087988179,0.27564102564102566,0.9699248120300752,0.4292845257903494,0.8545080033308943,0.9904065330480134,0.005641696166253204,10780,0.67375,10,500,0.0585
xgboost,2,threshold_0.5,3.093430933000036,16000,0.5,15702,32,87,179,0.9925625,0.8354492593502314,0.8483412322274881,0.6729323308270677,0.750524109014675,0.8545080033308943,0.9904065330480134,0.005641696166253204,43820,2.73875,10,500,0.0131875
