model,folds,scored_rows,cost,cost_per_row,mean_fold_cost_per_row,std_fold_cost_per_row,mean_average_precision,std_average_precision,mean_recall,mean_precision,mean_brier_score,mean_roc_auc,fp,fn,tp,tn,cost_at_0_5,mean_fit_seconds
xgboost,3,48000,38740,0.8070833333333334,0.8070833333333334,0.1188459042556088,0.8441257406038952,0.012311018688679232,0.9525217538227592,0.280615381541474,0.0057110733981709854,0.9868670341637129,1974,38,762,45226,133930,2.2632103700000243
random_forest,3,48000,39650,0.8260416666666667,0.8260416666666667,0.15462951354231616,0.6927177236538751,0.02770532320726643,0.9575248983882929,0.2543311345897456,0.010363733405617125,0.9799388246474766,2265,34,766,44935,106610,5.034704480999987
hgb_sigmoid,3,48000,41000,0.8541666666666666,0.8541666666666666,0.06376633777576794,0.8365961253143488,0.01485563324410617,0.9437404372354106,0.30302607233830997,0.005675342691905558,0.986506203582734,1850,45,755,45350,122600,2.7897752646666354
hist_gradient_boosting,3,48000,41000,0.8541666666666666,0.8541666666666666,0.06376633777576794,0.8365961253143488,0.01485563324410617,0.9437404372354106,0.30302607233830997,0.005883612609371668,0.986506203582734,1850,45,755,45350,128020,2.7239342516666816
logistic_log_robust,3,48000,45430,0.9464583333333333,0.9464583333333333,0.04776788495771332,0.8058772393713647,0.011650204304076138,0.9325373358489858,0.3137542196365726,0.006341529166628925,0.9854909618661214,1843,54,746,45357,143740,3.005481040333431
logistic,3,48000,61240,1.2758333333333334,1.2758333333333334,0.1138827064717613,0.7163625263034396,0.006028370716661128,0.8937559253940094,0.2897002129923103,0.007686321831103969,0.9483462988844064,1874,85,715,45326,145030,11.844494743333295
logistic_no_indicator,3,48000,66130,1.3777083333333333,1.3777083333333333,0.06471793768603365,0.7061507065993746,0.012491065270824522,0.8875231149033632,0.26677002455457094,0.00805305851205584,0.9427281120491632,2113,90,710,45087,145700,5.650942663999937
logistic_balanced,3,48000,75500,1.5729166666666667,1.5729166666666667,0.19828988932452732,0.6890934421363814,0.016249356476786284,0.847516731904668,0.32396051105315077,0.020010976180798775,0.9232402269087623,1450,122,678,45750,78950,36.71126174700006
always_negative,3,48000,400000,8.333333333333334,8.333333333333334,0.018042195912175808,0.016666666666666666,3.6084391824351646e-05,0.0,0.0,0.016666666666666666,0.5,0,800,0,47200,400000,0.0010288536667151977
class_prior,3,48000,400000,8.333333333333334,8.333333333333334,0.018042195912175808,0.016666666666666666,3.6084391824351646e-05,0.0,0.0,0.01638889449508102,0.5,0,800,0,47200,400000,0.0007193040000098941
