model,fold,stage,selected_epochs,epoch,fit_loss,early_stopping_loss
mlp_tuned,0,epoch_selection,3,1,0.9204942385355632,0.7622836828231812
mlp_tuned,0,epoch_selection,3,2,0.5848469614982605,0.4689131379127502
mlp_tuned,0,epoch_selection,3,3,0.344227244456609,0.3808559477329254
mlp_tuned,0,epoch_selection,3,4,0.2727737635374069,0.3920378684997558
mlp_tuned,0,epoch_selection,3,5,0.2402727663516998,0.3874396681785583
mlp_tuned,0,epoch_selection,3,6,0.2211107502381007,0.4065524637699127
mlp_tuned,0,epoch_selection,3,7,0.2006894662976265,0.4206322431564331
mlp_tuned,0,epoch_selection,3,8,0.1840364764134089,0.4409473538398742
mlp_tuned,0,refit,3,1,0.8205385780334473,
mlp_tuned,0,refit,3,2,0.4062919755776723,
mlp_tuned,0,refit,3,3,0.2933097104231516,
mlp_tuned,1,epoch_selection,2,1,0.8771319031715393,0.7035204768180847
mlp_tuned,1,epoch_selection,2,2,0.5216742078463237,0.5657362341880798
mlp_tuned,1,epoch_selection,2,3,0.3245380113522211,0.8885482549667358
mlp_tuned,1,epoch_selection,2,4,0.2807481586933136,1.6310248374938965
mlp_tuned,1,epoch_selection,2,5,0.2508340785900751,2.2224814891815186
mlp_tuned,1,epoch_selection,2,6,0.2286065647999445,3.093413591384888
mlp_tuned,1,epoch_selection,2,7,0.217102962732315,3.9298746585845943
mlp_tuned,1,refit,2,1,0.8670851222674052,
mlp_tuned,1,refit,2,2,0.4595683221022288,
mlp_tuned,2,epoch_selection,3,1,0.8921273271242778,0.6754354238510132
mlp_tuned,2,epoch_selection,3,2,0.5688664774099986,0.370757907629013
mlp_tuned,2,epoch_selection,3,3,0.3388010631004969,0.3004638254642486
mlp_tuned,2,epoch_selection,3,4,0.2759695122639338,0.3348346054553985
mlp_tuned,2,epoch_selection,3,5,0.2469071984291076,0.3680233061313629
mlp_tuned,2,epoch_selection,3,6,0.211543495953083,0.4453926384449005
mlp_tuned,2,epoch_selection,3,7,0.2274804532527923,0.4680542051792145
mlp_tuned,2,epoch_selection,3,8,0.186585813264052,0.5222084522247314
mlp_tuned,2,refit,3,1,0.7976144742965698,
mlp_tuned,2,refit,3,2,0.4067099966605504,
mlp_tuned,2,refit,3,3,0.2940973184506098,
