family,trial,n_estimators,max_depth,learning_rate,subsample,colsample_bytree,reg_lambda,class_weight,model,folds,scored_rows,cost,cost_per_row,mean_fold_cost_per_row,std_fold_cost_per_row,mean_average_precision,std_average_precision,mean_recall,mean_precision,mean_brier_score,mean_roc_auc,fp,fn,tp,tn,cost_at_0_5,mean_fit_seconds,width,layers,dropout,weight_decay,batch_size
xgboost,0,150.0,4.0,0.1,0.8,0.8,1.0,none,xgboost_trial_000,3,48000,38740,0.8070833333333334,0.8070833333333334,0.1188459042556088,0.8441257406038952,0.0123110186886792,0.9525217538227592,0.280615381541474,0.0057110733981709,0.9868670341637128,1974,38,762,45226,133930,1.5915421866666293,,,,,
xgboost,1,200.0,2.0,0.1232074747599023,0.7442003345025143,0.7437243351232288,1.0259215888444138,balanced,xgboost_trial_001,3,48000,38200,0.7958333333333333,0.7958333333333334,0.1310509403183866,0.8063293197796355,0.0197706279283173,0.9512733143720724,0.289383945623917,0.01423855531201,0.987349636426114,1870,39,761,45330,53440,1.0814788373334068,,,,,
xgboost,2,220.0,2.0,0.1922215387372944,0.6025554256995838,0.6532702656475466,19.50680608304397,balanced,xgboost_trial_002,3,48000,37440,0.78,0.7799999999999999,0.1237799837413141,0.8172030948670854,0.0063824439797724,0.9550092459613454,0.284510491203855,0.0113999801486246,0.986755024132237,1944,36,764,45256,59300,1.2807150446666735,,,,,
xgboost,3,80.0,6.0,0.0354304661090207,0.9782175947325364,0.9931140193103644,0.0163365360520408,balanced,xgboost_trial_003,3,48000,47650,0.9927083333333332,0.9927083333333332,0.1439744624346045,0.7387132941094899,0.0281727936981962,0.9275201111392714,0.2855590573349267,0.0147736922568743,0.977720367431138,1865,58,742,45335,67460,2.08268782133329,,,,,
xgboost,4,220.0,2.0,0.1956781268179795,0.6414857690285857,0.6453903467416517,13.41145053932637,balanced,xgboost_trial_004,3,48000,37350,0.778125,0.7781250000000001,0.1175581637956292,0.8131535334830614,0.0146032757407556,0.9500201815399922,0.3048050979917463,0.0109608374046459,0.9868905948817808,1735,40,760,45465,57500,1.106306420999999,,,,,
xgboost,5,80.0,6.0,0.0335952055341685,0.9796256679555432,0.9696976161646528,0.0108539765453024,none,xgboost_trial_005,3,48000,37800,0.7875,0.7875,0.1116268196940143,0.8352303601193629,0.0092536930541147,0.9575202050068992,0.2695211455233353,0.0059433846852507,0.9864480682948036,2080,34,766,45120,155570,1.6257817836667527,,,,,
mlp,0,,,0.001,,,,,mlp_trial_000,3,48000,46500,0.96875,0.96875,0.2322638249383661,0.6279179053113949,0.0657569951881222,0.922535740099312,0.323100109965541,0.0096113861045428,0.9796373300663648,1550,62,738,45650,323140,4.237115165333307,64.0,2.0,0.1,0.0001,1024.0
mlp,1,,,0.0011436176308594,,,,,mlp_trial_001,3,48000,46080,0.96,0.96,0.2098446225782305,0.6185352953440614,0.0508969278935015,0.9237794861686052,0.3232385933307846,0.0098545160615658,0.9794815309190024,1558,61,739,45642,400000,3.851011562666675,64.0,2.0,0.1081502508768857,0.0002734976017718,1024.0
mlp,2,,,0.0023004227633826,,,,,mlp_trial_002,3,48000,46860,0.97625,0.97625,0.1309878334044808,0.6554176828739341,0.0636929133301573,0.9300216834220382,0.2833470567048265,0.0095776427298782,0.97930436882909,1886,56,744,45314,279940,3.789092980666661,64.0,1.0,0.1883405685599978,0.0087729834072657,1024.0
mlp,3,,,0.0006118832509418,,,,,mlp_trial_003,3,48000,48610,1.012708333333333,1.012708333333333,0.2384949008015335,0.6211374008289579,0.0660439957046442,0.920034167816545,0.3083803105443727,0.009524805996098,0.9784751028847656,1661,64,736,45539,224310,4.129537568000008,128.0,2.0,0.001318760657284,1.279239884764041e-06,512.0
