model,fold,rule,fit_seconds,training_rows,requested_fraction,rows,threshold,tn,fp,fn,tp,accuracy,balanced_accuracy,precision,recall,f1,average_precision,roc_auc,brier_score,cost,cost_per_row,false_positive_cost,false_negative_cost,inspection_rate
logistic,0,frozen_threshold,5.37099689799993,19200,1.0,16000,0.0128873045192236,14999,734,22,245,0.95275,0.9354747327297688,0.2502553626149131,0.9176029962546816,0.3932584269662921,0.7233227270778412,0.9504551729457228,0.0078680141712131,18340,1.14625,10,500,0.0611875
logistic,0,threshold_0.5,5.37099689799993,19200,1.0,16000,0.5,15677,56,96,171,0.9905,0.818445020378693,0.7533039647577092,0.6404494382022472,0.6923076923076923,0.7233227270778412,0.9504551729457228,0.0078680141712131,48560,3.035,10,500,0.0141875
logistic,1,frozen_threshold,5.514415735000057,19200,1.0,16000,0.0266310481858189,15357,376,36,231,0.97425,0.9206348639551734,0.3805601317957166,0.8651685393258427,0.528604118993135,0.7129716300782003,0.9394735795916452,0.0079046446245931,21760,1.36,10,500,0.0379375
logistic,1,threshold_0.5,5.514415735000057,19200,1.0,16000,0.5,15680,53,95,172,0.99075,0.8204130205577104,0.7644444444444445,0.6441947565543071,0.6991869918699187,0.7129716300782003,0.9394735795916452,0.0079046446245931,48030,3.001875,10,500,0.0140625
logistic,2,frozen_threshold,6.234611954000002,19200,1.0,16000,0.0134419167626798,14970,764,27,239,0.9505625,0.924969488039407,0.2382851445663011,0.8984962406015038,0.3766745468873128,0.7127932217542771,0.9551101441158508,0.0072863066975055,21140,1.32125,10,500,0.0626875
logistic,2,threshold_0.5,6.234611954000002,19200,1.0,16000,0.5,15690,44,96,170,0.99125,0.8181506263434104,0.794392523364486,0.6390977443609023,0.7083333333333334,0.7127932217542771,0.9551101441158508,0.0072863066975055,48440,3.0275,10,500,0.013375
logistic_log,0,frozen_threshold,5.006324957000061,19200,1.0,16000,0.0265811759648739,15206,527,14,253,0.9661875,0.957034535344136,0.3243589743589744,0.947565543071161,0.4832855778414517,0.8010404424718789,0.985304392518314,0.0061787762026966,12270,0.766875,10,500,0.04875
logistic_log,0,threshold_0.5,5.006324957000061,19200,1.0,16000,0.5,15691,42,91,176,0.9916875,0.8282532409394505,0.8073394495412844,0.6591760299625468,0.7257731958762886,0.8010404424718789,0.985304392518314,0.0061787762026966,45920,2.87,10,500,0.013625
logistic_log,1,frozen_threshold,4.8367621639999925,19200,1.0,16000,0.0133061680908946,15014,719,16,251,0.9540625,0.9471873928008854,0.2587628865979381,0.9400749063670412,0.4058205335489086,0.7987915071711603,0.9824665395929404,0.0065601828325661,15190,0.949375,10,500,0.060625
logistic_log,1,threshold_0.5,4.8367621639999925,19200,1.0,16000,0.5,15691,42,95,172,0.9914375,0.8207626042353307,0.8037383177570093,0.6441947565543071,0.7151767151767152,0.7987915071711603,0.9824665395929404,0.0065601828325661,47920,2.995,10,500,0.013375
logistic_log,2,frozen_threshold,5.053109538999934,19200,1.0,16000,0.0078783736025932,14692,1042,9,257,0.9343125,0.9499697030806328,0.1978444957659738,0.9661654135338346,0.3284345047923322,0.8128431767144775,0.9879182671309008,0.0062451626755543,14920,0.9325,10,500,0.0811875
logistic_log,2,threshold_0.5,5.053109538999934,19200,1.0,16000,0.5,15697,37,94,172,0.9918125,0.8221324730409982,0.8229665071770335,0.6466165413533834,0.7242105263157895,0.8128431767144775,0.9879182671309008,0.0062451626755543,47370,2.960625,10,500,0.0130625
logistic_oversampled,0,frozen_threshold,6.410183003999919,19200,1.0,16000,0.0789837554702994,15209,524,32,235,0.96525,0.9234220111785838,0.3096179183135705,0.8801498127340824,0.4580896686159844,0.7052188414589713,0.945894754483229,0.0103377784254738,21240,1.3275,10,500,0.0474375
logistic_oversampled,0,threshold_0.5,6.410183003999919,19200,1.0,16000,0.5,15590,143,61,206,0.98725,0.8812232024531086,0.5902578796561605,0.7715355805243446,0.6688311688311688,0.7052188414589713,0.945894754483229,0.0103377784254738,31930,1.995625,10,500,0.0218125
logistic_oversampled,1,frozen_threshold,8.569231664999961,19200,1.0,16000,0.0666712666597662,15292,441,42,225,0.9698125,0.9073331871676008,0.3378378378378378,0.8426966292134831,0.4823151125401929,0.6868411767017505,0.9283516528511482,0.0097211898505435,25410,1.588125,10,500,0.041625
logistic_oversampled,1,threshold_0.5,8.569231664999961,19200,1.0,16000,0.5,15623,110,74,193,0.9885,0.8579273841975799,0.636963696369637,0.7228464419475655,0.6771929824561403,0.6868411767017505,0.9283516528511482,0.0097211898505435,38100,2.38125,10,500,0.0189375
logistic_oversampled,2,frozen_threshold,7.325879014000066,19200,1.0,16000,0.2275476341928721,15521,213,46,220,0.9838125,0.9067650536026096,0.5080831408775982,0.8270676691729323,0.6294706723891274,0.7089397184256693,0.9469579312460636,0.009396276540247,25130,1.570625,10,500,0.0270625
logistic_oversampled,2,threshold_0.5,7.325879014000066,19200,1.0,16000,0.5,15619,115,65,201,0.98875,0.8741650427071874,0.6360759493670886,0.7556390977443609,0.6907216494845361,0.7089397184256693,0.9469579312460636,0.009396276540247,33650,2.103125,10,500,0.01975
mlp_tuned,0,frozen_threshold,3.6928603440001098,19200,1.0,16000,0.056949115791595,15165,568,24,243,0.963,0.9370049498763424,0.2996300863131936,0.9101123595505618,0.4508348794063079,0.6359566519023572,0.9725346494914788,0.0098886609381875,17680,1.105,10,500,0.0506875
mlp_tuned,0,threshold_0.5,3.6928603440001098,19200,1.0,16000,0.5,15733,0,267,0,0.9833125,0.5,0.0,0.0,0.0,0.6359566519023572,0.9725346494914788,0.0098886609381875,133500,8.34375,10,500,0.0
mlp_tuned,1,frozen_threshold,3.8043454969999857,19200,1.0,16000,0.0621838075884196,15194,539,23,244,0.964875,0.9397992387479168,0.3116219667943806,0.9138576779026216,0.4647619047619047,0.5612152607561961,0.97851589885617,0.0105922175873635,16890,1.055625,10,500,0.0489375
mlp_tuned,1,threshold_0.5,3.8043454969999857,19200,1.0,16000,0.5,15733,0,267,0,0.9833125,0.5,0.0,0.0,0.0,0.5612152607561961,0.97851589885617,0.0105922175873635,133500,8.34375,10,500,0.0
mlp_tuned,2,frozen_threshold,4.05582884699993,19200,1.0,16000,0.070501704626219,15283,451,14,252,0.9709375,0.9593521906966476,0.3584637268847795,0.9473684210526316,0.5201238390092879,0.6584339733736309,0.9873940444093582,0.0090826696591466,11510,0.719375,10,500,0.0439375
mlp_tuned,2,threshold_0.5,4.05582884699993,19200,1.0,16000,0.5,15734,0,266,0,0.983375,0.5,0.0,0.0,0.0,0.6584339733736309,0.9873940444093582,0.0090826696591466,133000,8.3125,10,500,0.0
xgboost_reference,0,frozen_threshold,1.5546071399999164,19200,1.0,16000,0.0034480758477002,14990,743,14,253,0.9526875,0.9501699831290464,0.2540160642570281,0.947565543071161,0.4006334125098971,0.8305252307464948,0.9829064651198332,0.0059564433152695,14430,0.901875,10,500,0.06225
xgboost_reference,0,threshold_0.5,1.5546071399999164,19200,1.0,16000,0.5,15689,44,84,183,0.992,0.841298294503002,0.8061674008810573,0.6853932584269663,0.7408906882591093,0.8305252307464948,0.9829064651198332,0.0059564433152695,42440,2.6525,10,500,0.0141875
xgboost_reference,1,frozen_threshold,1.633044056000017,19200,1.0,16000,0.0067889671772718,15180,553,16,251,0.9644375,0.9524629282995188,0.3121890547263681,0.9400749063670412,0.4687208216619981,0.8473439877342968,0.9872881043232918,0.0055350807129901,13530,0.845625,10,500,0.05025
xgboost_reference,1,threshold_0.5,1.633044056000017,19200,1.0,16000,0.5,15716,17,95,172,0.993,0.8215571125935586,0.91005291005291,0.6441947565543071,0.7543859649122807,0.8473439877342968,0.9872881043232918,0.0055350807129901,47670,2.979375,10,500,0.0118125
xgboost_reference,2,frozen_threshold,1.5869753639999544,19200,1.0,16000,0.0041873408481478,15056,678,8,258,0.957125,0.963416708798818,0.2756410256410256,0.9699248120300752,0.4292845257903494,0.8545080033308943,0.9904065330480134,0.0056416961662532,10780,0.67375,10,500,0.0585
xgboost_reference,2,threshold_0.5,1.5869753639999544,19200,1.0,16000,0.5,15702,32,87,179,0.9925625,0.8354492593502314,0.8483412322274881,0.6729323308270677,0.750524109014675,0.8545080033308943,0.9904065330480134,0.0056416961662532,43820,2.73875,10,500,0.0131875
xgboost_tuned,0,frozen_threshold,1.131751436000059,19200,1.0,16000,0.0849912613630294,15185,548,17,250,0.9646875,0.9507491707951344,0.3132832080200501,0.9363295880149812,0.4694835680751174,0.7979891650389512,0.9834354231938356,0.0114892674080119,13980,0.87375,10,500,0.049875
xgboost_tuned,0,threshold_0.5,1.131751436000059,19200,1.0,16000,0.5,15533,200,35,232,0.9853125,0.928100861973128,0.5370370370370371,0.8689138576779026,0.6638054363376252,0.7979891650389512,0.9834354231938356,0.0114892674080119,19500,1.21875,10,500,0.027
xgboost_tuned,1,frozen_threshold,1.082414784999855,19200,1.0,16000,0.0548677258193492,15131,602,14,253,0.9615,0.954651010269452,0.295906432748538,0.947565543071161,0.4509803921568627,0.8143492390486893,0.9861887666159372,0.0111433240372632,13020,0.81375,10,500,0.0534375
xgboost_tuned,1,threshold_0.5,1.082414784999855,19200,1.0,16000,0.5,15526,207,37,230,0.98475,0.9241330812807642,0.5263157894736842,0.8614232209737828,0.6534090909090909,0.8143492390486893,0.9861887666159372,0.0111433240372632,20570,1.285625,10,500,0.0273125
xgboost_tuned,2,frozen_threshold,1.104753042000084,19200,1.0,16000,0.0677066296339035,15149,585,9,257,0.962875,0.9644923927971704,0.3052256532066508,0.9661654135338346,0.463898916967509,0.8271221963615436,0.99104759483557,0.0102499207686627,10350,0.646875,10,500,0.052625
xgboost_tuned,2,threshold_0.5,1.104753042000084,19200,1.0,16000,0.5,15541,193,31,235,0.986,0.935596108613978,0.5490654205607477,0.8834586466165414,0.6772334293948127,0.8271221963615436,0.99104759483557,0.0102499207686627,17430,1.089375,10,500,0.02675
