fraction,model,fold,rule,fit_seconds,training_rows,requested_fraction,rows,threshold,tn,fp,fn,tp,accuracy,balanced_accuracy,precision,recall,f1,average_precision,roc_auc,brier_score,cost,cost_per_row,false_positive_cost,false_negative_cost,inspection_rate
0.25,xgboost_tuned,0,frozen_threshold,0.6093426120000913,4801,0.25,16000,0.0441010743379592,15286,447,23,244,0.970625,0.9427230295061956,0.3531114327062228,0.9138576779026216,0.5093945720250522,0.7420061697872206,0.9813982680550984,0.0097658541987497,15970,0.998125,10,500,0.0431875
0.25,xgboost_tuned,1,frozen_threshold,0.5027110260000427,4801,0.25,16000,0.005691222846508,15015,718,20,247,0.953875,0.9397285364310948,0.2559585492227979,0.9250936329588016,0.400974025974026,0.7224485385318015,0.9811015325738904,0.0101989210900164,17180,1.07375,10,500,0.0603125
0.25,xgboost_tuned,2,frozen_threshold,0.571132777999992,4801,0.25,16000,0.0129022896289825,15055,679,9,257,0.957,0.9615052312362194,0.2745726495726496,0.9661654135338346,0.4276206322795341,0.7700421345934187,0.9893153182944652,0.0088931432572538,11290,0.705625,10,500,0.0585
0.5,xgboost_tuned,0,frozen_threshold,0.7578600769998047,9601,0.5,16000,0.0255782194435596,15041,692,19,248,0.9555625,0.9424274842996816,0.2638297872340425,0.9288389513108616,0.4109362054681027,0.7604472234938052,0.977448341483144,0.0108734318893629,16420,1.02625,10,500,0.05875
0.5,xgboost_tuned,1,frozen_threshold,0.6828688849998343,9601,0.5,16000,0.0402978435158729,15138,595,18,249,0.9616875,0.947382835905636,0.2950236966824645,0.9325842696629212,0.4482448244824482,0.7916925172041259,0.985195601411285,0.0098726827797268,14950,0.934375,10,500,0.05275
0.5,xgboost_tuned,2,frozen_threshold,0.7271831369998836,9601,0.5,16000,0.0234484709799289,15133,601,10,256,0.9618125,0.9621042405173988,0.2987164527421236,0.962406015037594,0.4559216384683882,0.8094920412782264,0.985861039404154,0.0090382775581123,11010,0.688125,10,500,0.0535625
1.0,xgboost_tuned,0,frozen_threshold,1.131751436000059,19200,1.0,16000,0.0849912613630294,15185,548,17,250,0.9646875,0.9507491707951344,0.3132832080200501,0.9363295880149812,0.4694835680751174,0.7979891650389512,0.9834354231938356,0.0114892674080119,13980,0.87375,10,500,0.049875
1.0,xgboost_tuned,1,frozen_threshold,1.082414784999855,19200,1.0,16000,0.0548677258193492,15131,602,14,253,0.9615,0.954651010269452,0.295906432748538,0.947565543071161,0.4509803921568627,0.8143492390486893,0.9861887666159372,0.0111433240372632,13020,0.81375,10,500,0.0534375
1.0,xgboost_tuned,2,frozen_threshold,1.104753042000084,19200,1.0,16000,0.0677066296339035,15149,585,9,257,0.962875,0.9644923927971704,0.3052256532066508,0.9661654135338346,0.463898916967509,0.8271221963615436,0.99104759483557,0.0102499207686627,10350,0.646875,10,500,0.052625
0.25,mlp_tuned,0,frozen_threshold,1.2822653919999991,4801,0.25,16000,0.030572371139165,15098,635,20,247,0.9590625,0.9423663041804112,0.2800453514739229,0.9250936329588016,0.4299390774586597,0.6248976580632675,0.972059610861114,0.0097895769943297,16350,1.021875,10,500,0.055125
0.25,mlp_tuned,1,frozen_threshold,1.1519613909999862,4801,0.25,16000,0.0460244502883369,15271,462,38,229,0.96875,0.9141564368508092,0.3314037626628075,0.8576779026217228,0.4780793319415449,0.5978892642668742,0.9726705788615309,0.0105095298667095,23620,1.47625,10,500,0.0431875
0.25,mlp_tuned,2,frozen_threshold,1.3972200890000297,4801,0.25,16000,0.0051841316533004,14972,762,24,242,0.950875,0.9306721424127244,0.2410358565737052,0.9097744360902256,0.3811023622047244,0.6317378437461998,0.9622519021591094,0.0094267792817531,19620,1.22625,10,500,0.06275
0.5,mlp_tuned,0,frozen_threshold,2.05354119499998,9601,0.5,16000,0.1455573749478206,15347,386,31,236,0.9739375,0.929680356492032,0.3794212218649517,0.8838951310861424,0.530933633295838,0.5787406469476626,0.968277155938602,0.0102770675845196,19360,1.21,10,500,0.038875
0.5,mlp_tuned,1,frozen_threshold,2.3060999770000308,9601,0.5,16000,0.1453907543200453,15408,325,29,238,0.977875,0.935364275238168,0.4227353463587922,0.8913857677902621,0.5734939759036145,0.6913669839807386,0.9817066682283072,0.0094544296493822,17750,1.109375,10,500,0.0351875
0.5,mlp_tuned,2,frozen_threshold,2.2475904529999298,9601,0.5,16000,0.0175585193781855,15159,575,15,251,0.963125,0.9535319804532304,0.3038740920096852,0.943609022556391,0.4597069597069597,0.7048747341883499,0.9819262628415452,0.0086619300480042,13250,0.828125,10,500,0.051625
1.0,mlp_tuned,0,frozen_threshold,3.6928603440001098,19200,1.0,16000,0.056949115791595,15165,568,24,243,0.963,0.9370049498763424,0.2996300863131936,0.9101123595505618,0.4508348794063079,0.6359566519023572,0.9725346494914788,0.0098886609381875,17680,1.105,10,500,0.0506875
1.0,mlp_tuned,1,frozen_threshold,3.8043454969999857,19200,1.0,16000,0.0621838075884196,15194,539,23,244,0.964875,0.9397992387479168,0.3116219667943806,0.9138576779026216,0.4647619047619047,0.5612152607561961,0.97851589885617,0.0105922175873635,16890,1.055625,10,500,0.0489375
1.0,mlp_tuned,2,frozen_threshold,4.05582884699993,19200,1.0,16000,0.070501704626219,15283,451,14,252,0.9709375,0.9593521906966476,0.3584637268847795,0.9473684210526316,0.5201238390092879,0.6584339733736309,0.9873940444093582,0.0090826696591466,11510,0.719375,10,500,0.0439375
