feature,cost_increase_per_row_mean,cost_increase_per_row_std,average_precision_drop_mean,average_precision_drop_std,repeats,rows
aa_000,0.3777777777777777,0.0609505466407191,0.013597709933304891,0.001570309795243355,3,12000
ci_000,0.31555555555555553,0.056381362387684056,0.007021953642002273,0.0016273540497159422,3,12000
ck_000,0.2758333333333333,0.04705690015132581,0.026435250489022438,0.0046883417073722055,3,12000
az_002,0.1305555555555555,0.019841190476031757,0.0054955538854999375,0.0033952948818769006,3,12000
aq_000,0.1233333333333333,0.020046242836298567,0.00251490274456323,0.0005847428612976639,3,12000
ay_006,0.08999999999999997,0.057847180538867206,0.02485003661701668,0.0008376565453065243,3,12000
dn_000,0.08111111111111106,0.002832788618662673,0.0015989673172769336,0.00011897363480454457,3,12000
bc_000,0.07694444444444441,0.004374448818895448,-0.0026532229430053698,0.0015144020112403528,3,12000
am_0,0.07249999999999997,0.020046242836298588,0.007149977294205116,0.0005823090709352627,3,12000
ay_008,0.07194444444444441,0.021734225157798395,0.00536898984373894,0.0011058724467803266,3,12000
bj_000,0.06472222222222217,0.02042752923427804,0.005747240247060192,0.0008227719132336564,3,12000
bd_000,0.05499999999999997,0.01944841229357146,0.004313050518275648,0.002384122843741857,3,12000
cn_002,0.04527777777777775,0.002078698548207744,0.01038698706023052,0.0020975910106417603,3,12000
al_000,0.03861111111111104,0.001416394309331311,0.004259175407384889,0.0006887192301558258,3,12000
bt_000,0.034722222222222175,0.039100614121665135,0.002156619377400156,0.0002470344988980953,3,12000
ai_000,0.031111111111111017,0.019356945989093717,0.011501423486433238,0.0013310120316843727,3,12000
bx_000,0.02861111111111107,0.03244891521708288,0.0027808970517639864,0.004147383749957124,3,12000
ac_000,0.02749999999999993,0.021256807188565537,0.0026477641639506277,0.000285306267015797,3,12000
cx_000,0.025833333333333302,0.0013608276348795296,-0.000713755802641991,0.0010496118925074893,3,12000
az_001,0.02388888888888885,0.02177678569168849,0.0028068393863291594,0.002008747386470354,3,12000
cb_000,0.02111111111111108,0.015947444549341497,0.003940171466594607,0.0004488731499677387,3,12000
ag_002,0.01805555555555549,0.018662863369156485,0.007702502414123624,0.0002478445526560367,3,12000
dy_000,0.01555555555555547,0.03538369925318022,0.0016334011582254486,0.0006043095824026067,3,12000
ee_005,0.01527777777777776,0.019641855032959687,-0.00407556915446361,0.0013436602347561854,3,12000
bs_000,0.015277777777777724,0.0019641855032959585,0.004219587984515234,0.0014951215859612655,3,12000
eb_000,0.015277777777777687,0.035722265422472595,-0.002173374641690836,0.0008140623021191494,3,12000
ec_00,0.014999999999999939,0.0013608276348795296,0.0033554567274038938,0.002535733465919801,3,12000
be_000,0.013611111111111055,0.0227845518382332,0.008249191561209845,0.00040081522950379087,3,12000
bk_000,0.013055555555555487,0.06169043585956585,0.014473447979037232,0.0022303760950632134,3,12000
cu_000,0.00916666666666662,0.03613887821333856,0.0025584956757579067,0.0013854629994906435,3,12000
du_000,0.008333333333333304,0.03368563821901285,0.0008619957312618517,0.0008814870761727883,3,12000
bz_000,0.007777777777777735,0.021606040536255647,0.0031461503985586634,0.00043398295181282904,3,12000
br_000,0.0055555555555554985,0.0169056933941144,0.002204768391006695,0.0009363124897076328,3,12000
ee_007,0.004999999999999967,0.019448412293571443,0.019157576790444608,0.000409105526091405,3,12000
cs_002,0.004999999999999967,0.001800205749557729,0.0013397604174494686,0.0012025467909604992,3,12000
bb_000,0.0047222222222222205,0.00039283710065920216,0.0006036145465730206,0.00022238032073981375,3,12000
ca_000,0.004166666666666615,0.021224112772103374,-0.0002513683559769812,0.000603168620470871,3,12000
az_004,0.0038888888888888675,0.00039283710065920216,0.0003902803803591907,0.00026999503990056937,3,12000
ed_000,0.002777777777777731,0.00039283710065920216,0.0019357542645162724,0.0002532504698540953,3,12000
ee_002,0.002777777777777731,0.0007856742013184043,-4.218727832117075e-05,0.00012976764581336007,3,12000
ag_004,0.0024999999999999467,0.0006804138174397875,-0.00017926826304333807,8.107579941329299e-05,3,12000
ba_009,0.0019444444444443783,0.00039283710065920216,0.0010868532315323105,0.0004752981570059209,3,12000
bn_000,0.0019444444444443783,0.00039283710065920216,0.00015711026722353694,4.226874385401938e-05,3,12000
cc_000,0.0016666666666666312,0.019472202409246568,0.0009146903521339104,0.0006215917803582522,3,12000
ag_006,0.0016666666666666312,0.020693978369099114,0.001835898889419744,0.0018716664608993713,3,12000
dv_000,0.0013888888888888469,0.0030681558381075963,0.005800819328722784,0.00146849568513519,3,12000
dd_000,0.00138888888888881,0.00039283710065920216,0.0013011444436815678,0.00013760335341877954,3,12000
dh_000,0.00138888888888881,0.00039283710065920216,-7.700107812928329e-05,0.00023742873861133578,3,12000
dx_000,0.0011111111111110628,0.0017123372230469353,-0.0009482293657926411,0.0007178476179709422,3,12000
ax_000,0.0005555555555554944,0.0003928371006591498,0.0003484393350836612,0.00018655263238413417,3,12000
cn_008,0.0002777777777777102,0.03614741764592784,-0.0013841563172124853,0.0017381030730093444,3,12000
cs_005,0.0,0.0,0.0,0.0,3,12000
cr_000,0.0,0.0,0.0,0.0,3,12000
dm_000,0.0,0.0,0.0,0.0,3,12000
dz_000,0.0,0.0,0.0,0.0,3,12000
dj_000,0.0,0.0,0.0,0.0,3,12000
dl_000,0.0,0.0,0.0,0.0,3,12000
da_000,0.0,0.0,0.0,0.0,3,12000
ef_000,0.0,0.0,0.0,0.0,3,12000
ee_003,0.0,0.0,0.0006520096217077128,0.00014081106915426515,3,12000
ee_006,0.0,0.0,0.0,0.0,3,12000
ag_007,0.0,0.0,0.0,0.0,3,12000
au_000,0.0,0.0,0.0,0.0,3,12000
ah_000,0.0,0.0,0.0,0.0,3,12000
as_000,0.0,0.0,0.0,0.0,3,12000
ar_000,0.0,0.0,0.0,0.0,3,12000
ag_000,0.0,0.0,0.0,0.0,3,12000
ab_000,0.0,0.0,0.0,0.0,3,12000
af_000,0.0,0.0,0.0,0.0,3,12000
ae_000,0.0,0.0,0.0,0.0,3,12000
ak_000,0.0,0.0,0.0,0.0,3,12000
ay_003,0.0,0.0,0.0,0.0,3,12000
dk_000,0.0,0.0,0.0,0.0,3,12000
cs_009,0.0,0.0,0.0,0.0,3,12000
ch_000,0.0,0.0,0.0,0.0,3,12000
bu_000,0.0,0.0,0.0,0.0,3,12000
bg_000,0.0,0.0,0.0,0.0,3,12000
eg_000,0.0,0.0,0.0,0.0,3,12000
dc_000,0.0,0.0,0.0,0.0,3,12000
di_000,0.0,0.0,0.0,0.0,3,12000
cd_000,0.0,0.0,0.0,0.0,3,12000
ce_000,0.0,0.0,0.0,0.0,3,12000
cn_005,0.0,0.0,0.0,0.0,3,12000
cf_000,0.0,0.0,-0.00022833567676675917,0.00016170342572986032,3,12000
ee_001,0.0,0.0,0.0,0.0,3,12000
cn_004,0.0,0.0,0.0003065001472090101,0.0,3,12000
ea_000,0.0,0.0,0.0,0.0,3,12000
cj_000,-0.0002777777777777842,0.00039283710065920216,0.00269374936303605,0.0002223689233099399,3,12000
cl_000,-0.0002777777777778212,0.001416394309331311,0.003351489179852248,0.00014985373242913959,3,12000
bf_000,-0.0002777777777778212,0.019261039803733043,0.0036251258834292996,0.00011859351788486471,3,12000
dg_000,-0.0005555555555555683,0.00039283710065920216,0.00011618291115119324,6.337091798719758e-05,3,12000
az_009,-0.0008333333333333526,0.0006804138174397875,-0.00023571480091599817,0.00018884168513300039,3,12000
at_000,-0.0008333333333333526,0.0,0.0006002197483447139,0.0002929777672821218,3,12000
ct_000,-0.0008333333333333526,0.01769075925343408,0.00033821743732261506,0.0013797090808426277,3,12000
df_000,-0.0011111111111111367,0.0007856742013184043,0.0007115645824471809,0.00013737761004211472,3,12000
by_000,-0.0011111111111111367,0.00039283710065920216,0.0005432644911670023,0.00031013548680803183,3,12000
cv_000,-0.001388888888888921,0.001416394309331362,0.00023674051519791592,0.00015879421617281004,3,12000
ag_008,-0.0019444444444444893,0.0007856742013184043,-0.00017023156895971484,0.0004274534024610293,3,12000
co_000,-0.0019444444444444893,0.0023895347964006945,-0.0009721348275540201,0.0003301055944186644,3,12000
bl_000,-0.0019444444444444893,0.0007856742013184043,0.0003405593931500306,0.0005095325649803351,3,12000
bm_000,-0.0019444444444444893,0.0015713484026368086,-0.00017783726966802416,0.00042882008052964193,3,12000
ad_000,-0.0022222222222222365,0.002078698548207744,-1.0989609759204377e-05,0.00020348025892758152,3,12000
aj_000,-0.0022222222222222734,0.00039283710065920216,0.0004028184729859922,9.744760161701551e-05,3,12000
cn_000,-0.0025000000000000577,0.0,0.0007737928476968525,0.0002642860680631901,3,12000
ag_001,-0.0025000000000000577,0.0,0.010329217467359153,0.0005477557677278313,3,12000
ee_009,-0.0025000000000000577,0.004082482904638634,0.0004577353053754063,0.00022465165973921007,3,12000
ay_004,-0.0036111111111111946,0.00039283710065920216,0.0005908556173150522,0.0001319499099044205,3,12000
ag_003,-0.0038888888888889417,0.000785674201318352,0.0026607324505413996,0.0004053310669860937,3,12000
cs_006,-0.0038888888888889785,0.017404944664245053,0.002785541986292661,0.0013064164916086261,3,12000
ag_009,-0.004166666666666726,0.0006804138174397421,0.0030659571998466286,0.0015804107011633342,3,12000
ay_005,-0.004444444444444473,0.02121684050436475,0.0033085089356268416,0.0012200294289728228,3,12000
ba_003,-0.005000000000000042,0.0006804138174397421,0.00025733292219716947,4.8682611993741416e-05,3,12000
ay_000,-0.005277777777777788,0.00039283710065920216,0.007805255670885451,0.0011544019042088597,3,12000
bv_000,-0.005277777777777826,0.019261039803733043,0.0029243654967686292,0.0010872983986753852,3,12000
ay_001,-0.005277777777777826,0.0007856742013183518,0.001389958470558894,0.0003095316510876219,3,12000
cs_008,-0.005277777777777826,0.002389534796400742,-0.00034440570328523695,0.0005456460877481174,3,12000
cy_000,-0.0055555555555556095,0.0014163943093313254,-0.0015863055214090742,0.00035447013559629305,3,12000
dp_000,-0.0055555555555556095,0.0010393492741038472,-0.0017284983039631552,0.0002728666414561451,3,12000
dt_000,-0.006388888888888926,0.00039283710065920216,-0.0009591910324068254,0.00014880914555990012,3,12000
ba_005,-0.006388888888888926,0.00039283710065920216,-0.00105461094347233,0.0001312883156091804,3,12000
ay_002,-0.006388888888888926,0.00039283710065920216,0.004805747397857589,0.00011208961055616305,3,12000
ay_009,-0.006388888888888926,0.00039283710065920216,0.008535752132822169,0.00036526033442104886,3,12000
ba_006,-0.006666666666666672,0.018270092947117057,0.0004130249087264855,0.0018138801939396225,3,12000
do_000,-0.007500000000000062,0.0006804138174397875,-0.001730690340170112,0.0006484679318023733,3,12000
ba_002,-0.008055555555555594,0.001039349274103857,0.0011529978326360786,0.0003860852812740939,3,12000
av_000,-0.008055555555555594,0.002078698548207744,0.0026693216900735375,0.0004654024954340245,3,12000
az_005,-0.00805555555555563,0.00039283710065920216,0.0015759695747078473,9.0940681993173e-05,3,12000
ds_000,-0.008611111111111161,0.0003928371006591498,-0.00013105083225251057,0.00027531270979331386,3,12000
db_000,-0.008888888888888946,0.019688939051854842,0.0005190877904191297,0.0006907098192953428,3,12000
cn_003,-0.010000000000000009,0.0006804138174397875,0.001327227448298977,0.0002905908569889407,3,12000
ap_000,-0.010000000000000045,0.0023570226039551605,-0.00037758584911370036,0.0009012327280961536,3,12000
cz_000,-0.010555555555555577,0.0010393492741038964,-0.0002357335472767582,0.0004182287325963855,3,12000
bp_000,-0.011944444444444499,0.0014163943093313616,0.001285602265387246,0.0004884396985947494,3,12000
cs_007,-0.012222222222222245,0.02200939754393366,0.006966146863045493,0.0008280617872805205,3,12000
ba_008,-0.013333333333333383,0.01896634446123506,0.005644720746506089,0.0025813216762717263,3,12000
bh_000,-0.014166666666666697,0.01842150514621026,0.0011230851653011669,0.0011006047049582442,3,12000
bq_000,-0.0169444444444445,0.019841190476031733,0.0008733255157603592,0.0005541701880423718,3,12000
az_000,-0.017222222222222288,0.0028327886186626365,-0.00017676693579845212,0.0006130071425937579,3,12000
cs_001,-0.01777777777777782,0.019864510198645702,0.0008506171956775832,0.00029511841533954236,3,12000
ba_004,-0.01833333333333335,0.001178511301977554,-0.00045196776086327734,0.00020020167059712734,3,12000
ee_004,-0.019166666666666703,0.019448412293571443,0.0008553715567385008,0.0003717876523996918,3,12000
cn_007,-0.020555555555555587,0.0010393492741038967,0.000862505241933024,0.0010462024906039487,3,12000
ao_000,-0.02083333333333337,0.014735319122083186,0.0041334828008552,0.0009516119209415113,3,12000
bi_000,-0.022777777777777824,0.0010393492741038472,0.003934984990181745,0.00041022692341470904,3,12000
ee_008,-0.023611111111111176,0.0010393492741038472,-0.002966792465786757,0.00048667262624546136,3,12000
cn_006,-0.026111111111111158,0.019079916401193744,-4.1165606890269935e-05,0.0007679680887316499,3,12000
cq_000,-0.02777777777777783,0.0010393492741038472,0.0005929689791778584,0.00027833752450263536,3,12000
az_003,-0.03027777777777781,0.037910306751920274,0.0029894623180698097,0.0013803553481516176,3,12000
cs_003,-0.031111111111111162,0.00039283710065920216,-0.00020389165471645931,0.00041694221420993316,3,12000
de_000,-0.03250000000000005,0.000680413817439742,0.0004753083665658779,0.0015904753515449809,3,12000
cn_001,-0.03361111111111115,0.0010393492741038572,-0.0011815408821405082,3.4871014483580885e-05,3,12000
ee_000,-0.033888888888888934,0.0010393492741038472,0.000661266108360333,0.00039504574551451905,3,12000
cp_000,-0.03583333333333335,0.001800205749557729,0.0002009991128106107,0.0002083173335531995,3,12000
ag_005,-0.0377777777777778,0.0007856742013183518,8.056939864449959e-05,0.0003821880538907944,3,12000
ba_001,-0.04027777777777782,0.00039283710065920216,0.00038383642545932367,0.00011681818889337646,3,12000
cn_009,-0.04055555555555564,0.002187224409447724,0.0005828710125123834,0.0005769444699510622,3,12000
az_007,-0.04111111111111113,0.0017123372230469294,0.00017832473029958754,0.00048341567977135006,3,12000
az_006,-0.04222222222222227,0.000785674201318352,0.000868245237072629,0.0008292133408114072,3,12000
cs_004,-0.04666666666666671,0.020649186155606424,0.0022153675422626287,0.0010858133383577157,3,12000
ba_007,-0.04805555555555563,0.019128383667429794,0.0005321207909815643,0.0007035582863216916,3,12000
cs_000,-0.05472222222222226,0.019261039803732994,0.0035295442560869437,8.754010545665731e-05,3,12000
cg_000,-0.05944444444444452,0.002576005137637703,-0.0032323043505481097,0.0003934512902515296,3,12000
ba_000,-0.0666666666666667,0.03336109954667206,0.002493148600506386,0.0002133630765626381,3,12000
az_008,-0.06777777777777783,0.019079916401193768,0.0001710305717636714,0.00018896140849050316,3,12000
ay_007,-0.07083333333333337,0.000680413817439742,-0.00010706241577196351,0.0003016842583441035,3,12000
an_000,-0.07333333333333336,0.0006804138174397875,0.00310089499019243,0.0006544093463843239,3,12000
dq_000,-0.07388888888888893,0.0010393492741038967,-0.0006815408511398798,0.0004484533368199809,3,12000
cm_000,-0.07444444444444447,0.002187224409447724,-0.0013433350580981014,0.000490171069276999,3,12000
bo_000,-0.08222222222222224,0.0007856742013184043,0.0009968648197374124,0.0002569801941452789,3,12000
dr_000,-0.13500000000000004,0.002041241452319317,-0.002040870968731919,0.0010310626082269227,3,12000
